{"initial_reset_timestamp": 1308.2263171, "timestamps": [1309.742996], "episode_lengths": [200], "episode_reward": [-237.22872564331513], "episode_types": ["t"]}